[
  {
    "model": "core.artista",
    "pk": 1,
    "fields": {
      "nome": "Doug Tattoo",
      "ativo": true
    }
  },
  {
    "model": "core.artista",
    "pk": 2,
    "fields": {
      "nome": "Ester-Piercing",
      "ativo": true
    }
  },
  {
    "model": "core.artista",
    "pk": 3,
    "fields": {
      "nome": "Piercings",
      "ativo": true
    }
  },
  {
    "model": "core.estilo",
    "pk": 1,
    "fields": {
      "nome": "Realismo - Preto e Cinza",
      "ativo": true
    }
  },
  {
    "model": "core.estilo",
    "pk": 2,
    "fields": {
      "nome": "Delicadas",
      "ativo": true
    }
  },
  {
    "model": "core.estilo",
    "pk": 3,
    "fields": {
      "nome": "Old-School",
      "ativo": true
    }
  },
  {
    "model": "core.estilo",
    "pk": 4,
    "fields": {
      "nome": "Realismo Colorido",
      "ativo": true
    }
  },
  {
    "model": "core.estilo",
    "pk": 5,
    "fields": {
      "nome": "Piercing",
      "ativo": true
    }
  },
  {
    "model": "core.estilo",
    "pk": 6,
    "fields": {
      "nome": "Oriental",
      "ativo": true
    }
  },
  {
    "model": "core.estilo",
    "pk": 7,
    "fields": {
      "nome": "dark",
      "ativo": true
    }
  },
  {
    "model": "core.trabalho",
    "pk": 1,
    "fields": {
      "titulo": "Ante bra├ºo",
      "artista": 1,
      "estilo": 1,
      "imagem": "trabalhos/loja1.jpg",
      "publicado": true,
      "criado_em": "2026-01-13T18:15:14.912Z",
      "destaque": false
    }
  },
  {
    "model": "core.trabalho",
    "pk": 2,
    "fields": {
      "titulo": "Tatuagens femininas",
      "artista": 1,
      "estilo": 2,
      "imagem": "trabalhos/loja2.jpg",
      "publicado": true,
      "criado_em": "2026-01-13T18:42:59.885Z",
      "destaque": false
    }
  },
  {
    "model": "core.trabalho",
    "pk": 3,
    "fields": {
      "titulo": "Tatuagens femininas",
      "artista": 1,
      "estilo": 2,
      "imagem": "trabalhos/loja3.jpg",
      "publicado": true,
      "criado_em": "2026-01-13T18:43:33.665Z",
      "destaque": false
    }
  },
  {
    "model": "core.trabalho",
    "pk": 4,
    "fields": {
      "titulo": "PER",
      "artista": 1,
      "estilo": 3,
      "imagem": "trabalhos/skullfacetattoo-20260114-0004.jpg",
      "publicado": true,
      "criado_em": "2026-01-14T20:46:51.970Z",
      "destaque": false
    }
  },
  {
    "model": "core.trabalho",
    "pk": 5,
    "fields": {
      "titulo": "py",
      "artista": 1,
      "estilo": 4,
      "imagem": "trabalhos/skullfacetattoo-20260114-0001.jpg",
      "publicado": true,
      "criado_em": "2026-01-14T20:48:35.333Z",
      "destaque": false
    }
  },
  {
    "model": "core.trabalho",
    "pk": 6,
    "fields": {
      "titulo": "r",
      "artista": 1,
      "estilo": 4,
      "imagem": "trabalhos/skullfacetattoo-20260114-0005.jpg",
      "publicado": true,
      "criado_em": "2026-01-14T20:49:03.224Z",
      "destaque": false
    }
  },
  {
    "model": "core.trabalho",
    "pk": 10,
    "fields": {
      "titulo": "gf",
      "artista": 1,
      "estilo": 1,
      "imagem": "trabalhos/skullfacetattoo-20260114-0002.jpg",
      "publicado": true,
      "criado_em": "2026-01-15T20:47:37.572Z",
      "destaque": false
    }
  },
  {
    "model": "core.trabalho",
    "pk": 11,
    "fields": {
      "titulo": "├ºl",
      "artista": 1,
      "estilo": 4,
      "imagem": "trabalhos/Screenshot_20240625_134807_Instagram.jpg",
      "publicado": true,
      "criado_em": "2026-01-15T20:48:16.927Z",
      "destaque": false
    }
  },
  {
    "model": "core.trabalho",
    "pk": 12,
    "fields": {
      "titulo": "ff",
      "artista": 1,
      "estilo": 1,
      "imagem": "trabalhos/Screenshot_20241205_185827_Instagram.jpg",
      "publicado": true,
      "criado_em": "2026-01-15T20:48:56.436Z",
      "destaque": false
    }
  },
  {
    "model": "core.trabalho",
    "pk": 13,
    "fields": {
      "titulo": "lk",
      "artista": 1,
      "estilo": 4,
      "imagem": "trabalhos/Screenshot_20250114_193315_Instagram.jpg",
      "publicado": true,
      "criado_em": "2026-01-15T20:49:28.682Z",
      "destaque": false
    }
  },
  {
    "model": "core.trabalho",
    "pk": 14,
    "fields": {
      "titulo": "ee",
      "artista": 1,
      "estilo": 2,
      "imagem": "trabalhos/Screenshot_20250424_134153_Instagram.jpg",
      "publicado": true,
      "criado_em": "2026-01-15T20:49:48.047Z",
      "destaque": false
    }
  },
  {
    "model": "core.trabalho",
    "pk": 15,
    "fields": {
      "titulo": "rr",
      "artista": 1,
      "estilo": 3,
      "imagem": "trabalhos/skullfacetattoo-20260115-0001.jpg",
      "publicado": true,
      "criado_em": "2026-01-15T21:01:18.704Z",
      "destaque": false
    }
  },
  {
    "model": "core.trabalho",
    "pk": 16,
    "fields": {
      "titulo": "ee",
      "artista": 1,
      "estilo": 3,
      "imagem": "trabalhos/skullfacetattoo-20260115-0002.jpg",
      "publicado": true,
      "criado_em": "2026-01-15T21:01:43.096Z",
      "destaque": false
    }
  },
  {
    "model": "core.trabalho",
    "pk": 17,
    "fields": {
      "titulo": "p",
      "artista": 2,
      "estilo": 5,
      "imagem": "trabalhos/Instagram_Post_Carrossel_Psic├│loga_Corporativo_Bege_20250418_021900_0000.png",
      "publicado": true,
      "criado_em": "2026-01-15T21:06:33.590Z",
      "destaque": false
    }
  },
  {
    "model": "core.trabalho",
    "pk": 18,
    "fields": {
      "titulo": "o",
      "artista": 2,
      "estilo": 5,
      "imagem": "trabalhos/Instagram_Post_Carrossel_Psic├│loga_Corporativo_Bege_20251016_172041_0000.png",
      "publicado": true,
      "criado_em": "2026-01-15T21:06:57.229Z",
      "destaque": false
    }
  },
  {
    "model": "core.trabalho",
    "pk": 19,
    "fields": {
      "titulo": "i",
      "artista": 2,
      "estilo": 5,
      "imagem": "trabalhos/Instagram_Post_Carrossel_Psic├│loga_Corporativo_Bege_20251027_090318_0000.png",
      "publicado": true,
      "criado_em": "2026-01-15T21:07:22.779Z",
      "destaque": false
    }
  },
  {
    "model": "core.trabalho",
    "pk": 20,
    "fields": {
      "titulo": "d",
      "artista": 2,
      "estilo": 5,
      "imagem": "trabalhos/Instagram_Post_Carrossel_Psic├│loga_Corporativo_Bege_20251027_090512_0000.png",
      "publicado": true,
      "criado_em": "2026-01-15T21:07:51.741Z",
      "destaque": false
    }
  },
  {
    "model": "core.trabalho",
    "pk": 21,
    "fields": {
      "titulo": "s",
      "artista": 2,
      "estilo": 5,
      "imagem": "trabalhos/Instagram_Post_Carrossel_Psic├│loga_Corporativo_Bege_20251027_091656_0000.png",
      "publicado": true,
      "criado_em": "2026-01-15T21:08:12.265Z",
      "destaque": false
    }
  },
  {
    "model": "core.trabalho",
    "pk": 22,
    "fields": {
      "titulo": "z",
      "artista": 1,
      "estilo": 1,
      "imagem": "trabalhos/Screenshot_20240103_231738_Instagram.jpg",
      "publicado": true,
      "criado_em": "2026-01-15T21:20:26.228Z",
      "destaque": false
    }
  },
  {
    "model": "core.trabalho",
    "pk": 23,
    "fields": {
      "titulo": "i",
      "artista": 1,
      "estilo": 4,
      "imagem": "trabalhos/Screenshot_20241105_192237_Instagram.jpg",
      "publicado": true,
      "criado_em": "2026-01-15T21:21:19.322Z",
      "destaque": false
    }
  },
  {
    "model": "core.trabalho",
    "pk": 24,
    "fields": {
      "titulo": "y",
      "artista": 1,
      "estilo": 2,
      "imagem": "trabalhos/Screenshot_20240223_171842_Instagram.jpg",
      "publicado": true,
      "criado_em": "2026-01-15T21:21:44.232Z",
      "destaque": false
    }
  },
  {
    "model": "core.trabalho",
    "pk": 25,
    "fields": {
      "titulo": "helux",
      "artista": 1,
      "estilo": 2,
      "imagem": "trabalhos/helux.jpg",
      "publicado": true,
      "criado_em": "2026-01-15T21:22:03.300Z",
      "destaque": false
    }
  },
  {
    "model": "core.trabalho",
    "pk": 26,
    "fields": {
      "titulo": "surface",
      "artista": 1,
      "estilo": 1,
      "imagem": "trabalhos/surface.jpg",
      "publicado": true,
      "criado_em": "2026-01-15T21:28:57.280Z",
      "destaque": false
    }
  },
  {
    "model": "core.trabalho",
    "pk": 27,
    "fields": {
      "titulo": "sombran",
      "artista": 1,
      "estilo": 2,
      "imagem": "trabalhos/sombran.jpg",
      "publicado": true,
      "criado_em": "2026-01-15T21:29:25.429Z",
      "destaque": false
    }
  },
  {
    "model": "core.trabalho",
    "pk": 28,
    "fields": {
      "titulo": "conch",
      "artista": 1,
      "estilo": 2,
      "imagem": "trabalhos/conch.jpg",
      "publicado": true,
      "criado_em": "2026-01-15T21:29:55.719Z",
      "destaque": false
    }
  },
  {
    "model": "core.trabalho",
    "pk": 29,
    "fields": {
      "titulo": "nostril",
      "artista": 1,
      "estilo": 1,
      "imagem": "trabalhos/nostril.jpg",
      "publicado": true,
      "criado_em": "2026-01-15T21:43:10.500Z",
      "destaque": false
    }
  },
  {
    "model": "core.trabalho",
    "pk": 30,
    "fields": {
      "titulo": "aranha",
      "artista": 1,
      "estilo": 1,
      "imagem": "trabalhos/Screenshot_20230905_175954_Instagram.jpg",
      "publicado": true,
      "criado_em": "2026-01-15T21:43:38.690Z",
      "destaque": false
    }
  },
  {
    "model": "core.trabalho",
    "pk": 31,
    "fields": {
      "titulo": "costas phoenix",
      "artista": 1,
      "estilo": 6,
      "imagem": "trabalhos/Screenshot_20250415_201253_Instagram.jpg",
      "publicado": true,
      "criado_em": "2026-01-15T21:45:12.953Z",
      "destaque": false
    }
  },
  {
    "model": "core.trabalho",
    "pk": 32,
    "fields": {
      "titulo": "costas dragon",
      "artista": 1,
      "estilo": 6,
      "imagem": "trabalhos/Screenshot_20230914_144923_Instagram.jpg",
      "publicado": true,
      "criado_em": "2026-01-15T21:45:42.048Z",
      "destaque": false
    }
  },
  {
    "model": "core.trabalho",
    "pk": 33,
    "fields": {
      "titulo": "esfinge",
      "artista": 1,
      "estilo": 1,
      "imagem": "trabalhos/esfinge_-_Copia_2.jpg",
      "publicado": true,
      "criado_em": "2026-01-31T20:34:00.084Z",
      "destaque": false
    }
  },
  {
    "model": "core.trabalho",
    "pk": 34,
    "fields": {
      "titulo": "cats",
      "artista": 1,
      "estilo": 2,
      "imagem": "trabalhos/cats.jpg",
      "publicado": true,
      "criado_em": "2026-01-31T20:34:49.744Z",
      "destaque": false
    }
  },
  {
    "model": "core.trabalho",
    "pk": 35,
    "fields": {
      "titulo": "hand",
      "artista": 1,
      "estilo": 7,
      "imagem": "trabalhos/demo.jpg",
      "publicado": true,
      "criado_em": "2026-01-31T20:35:51.678Z",
      "destaque": false
    }
  },
  {
    "model": "core.trabalho",
    "pk": 36,
    "fields": {
      "titulo": "arm",
      "artista": 1,
      "estilo": 7,
      "imagem": "trabalhos/demo2.jpg",
      "publicado": true,
      "criado_em": "2026-01-31T20:36:37.484Z",
      "destaque": false
    }
  },
  {
    "model": "core.trabalho",
    "pk": 38,
    "fields": {
      "titulo": "helix",
      "artista": 2,
      "estilo": 5,
      "imagem": "trabalhos/helix.jpg",
      "publicado": true,
      "criado_em": "2026-01-31T20:55:28.668Z",
      "destaque": false
    }
  },
  {
    "model": "core.trabalho",
    "pk": 39,
    "fields": {
      "titulo": "fbra├ºo",
      "artista": 1,
      "estilo": 1,
      "imagem": "trabalhos/fechamento.jpg",
      "publicado": true,
      "criado_em": "2026-01-31T20:58:20.157Z",
      "destaque": false
    }
  },
  {
    "model": "core.trabalho",
    "pk": 40,
    "fields": {
      "titulo": "pinterna",
      "artista": 1,
      "estilo": 1,
      "imagem": "trabalhos/interno.jpg",
      "publicado": true,
      "criado_em": "2026-01-31T20:58:49.924Z",
      "destaque": false
    }
  },
  {
    "model": "core.categoria",
    "pk": 1,
    "fields": {
      "nome": "piercings",
      "ativo": true
    }
  },
  {
    "model": "core.produto",
    "pk": 3,
    "fields": {
      "categoria": 1,
      "nome": "Argola",
      "descricao": "Argola com Zirc├┤noas em Tit├ónio, grau implante.\r\nDelicada, elegante e nada b├ísica.Possui zirc├┤nias laterais que garantem brilho na media certa.Produzida em tit├ónio grau implante,oferce mais seguran├ºa, conforto e durabilidade.Indicada para: H├®lice,Conch,Trag├║s,Anti-h├®lix,Lobulo,Aba nasal e umbigo.\r\n\r\nTamanho: 7mm/10mm\r\nEspessura: 1.2mm",
      "preco": "70.00",
      "imagem": "produtos/arg_dourada_brilhantes.jpg",
      "ativo": true,
      "criado_em": "2026-02-12T20:12:31.721Z"
    }
  },
  {
    "model": "core.produto",
    "pk": 4,
    "fields": {
      "categoria": 1,
      "nome": "Labret",
      "descricao": "Labret em tit├ónio grau implante,com pedra em zirc├┤nia.\r\nOnde utilizar: um cl├íssico que n├úo pode faltar,utilizada em perfura├º├Áes auriculares como tragus, conch, scapha, h├®lix, l├│bulo e tamb├®m em perfura├º├Áes bucais e aba nasal.\r\n\r\ntamanho: 6mm/8mm",
      "preco": "60.00",
      "imagem": "produtos/Labret_pedra_cravejado.jpg",
      "ativo": true,
      "criado_em": "2026-02-12T20:22:35.910Z"
    }
  },
  {
    "model": "core.produto",
    "pk": 5,
    "fields": {
      "categoria": 1,
      "nome": "Labret dourado",
      "descricao": "Labret em tit├ónio  dourado grau implante,com pedra em zirc├┤nia.\r\nOnde utilizar: um cl├íssico que n├úo pode faltar,utilizada em perfura├º├Áes auriculares como tragus, conch, scapha, h├®lix, l├│bulo e tamb├®m em perfura├º├Áes bucais e aba nasal.\r\n\r\ntamanho: 6mm/8mm",
      "preco": "60.00",
      "imagem": "produtos/Labret_dourado_pedra_anatomica.jpg",
      "ativo": true,
      "criado_em": "2026-02-12T20:23:59.019Z"
    }
  },
  {
    "model": "core.produto",
    "pk": 6,
    "fields": {
      "categoria": 1,
      "nome": "Labret brilho retangular",
      "descricao": "Labret em tit├ónio  grau implante,com pedra  tipo gota em zirc├┤nia.\r\nOnde utilizar: um cl├íssico que n├úo pode faltar,utilizada em perfura├º├Áes auriculares como tragus, conch, scapha, h├®lix, l├│bulo e tamb├®m em perfura├º├Áes bucais e aba nasal.\r\n\r\ntamanho: 6mm/8mm",
      "preco": "60.00",
      "imagem": "produtos/labret_pedra_gota.jpg",
      "ativo": true,
      "criado_em": "2026-02-12T20:27:35.738Z"
    }
  },
  {
    "model": "core.produto",
    "pk": 7,
    "fields": {
      "categoria": 1,
      "nome": "Labret Estrelas",
      "descricao": "Labret em tit├ónio  dourado e prata grau implante, em formato de estrela.\r\nOnde utilizar: um cl├íssico que n├úo pode faltar,utilizada em perfura├º├Áes auriculares como tragus, conch, scapha, h├®lix, l├│bulo e tamb├®m em perfura├º├Áes bucais e aba nasal.\r\n\r\ntamanho: 6mm/8mm",
      "preco": "60.00",
      "imagem": "produtos/Estrelas_prata_e_dourado.png",
      "ativo": true,
      "criado_em": "2026-02-12T20:30:39.018Z"
    }
  },
  {
    "model": "core.produto",
    "pk": 8,
    "fields": {
      "categoria": 1,
      "nome": "arg dupla com brilhante",
      "descricao": "Segmento duplo cravejado lateral\r\n. Espessura: 1.2mm\r\n. Di├ómetro: 10mm\r\nIndica├º├úo de uso: Lobulo e Conch.",
      "preco": "80.00",
      "imagem": "produtos/arg_dourada_dupla_com_brilhante.jpg",
      "ativo": true,
      "criado_em": "2026-03-03T12:33:14.172Z"
    }
  },
  {
    "model": "core.produto",
    "pk": 9,
    "fields": {
      "categoria": 1,
      "nome": "arg cruz com pedra",
      "descricao": "Segmento Cruz cravejado\r\n. Espessura: 1.2mm\r\n. Di├ómetro: 10mm\r\n. Tit├ónio natural ou gold\r\nIndica├º├úo de uso: L├│bulo e Conch",
      "preco": "80.00",
      "imagem": "produtos/arg_tita_formato_cruz_com_pedra.jpg",
      "ativo": true,
      "criado_em": "2026-03-03T12:39:24.248Z"
    }
  },
  {
    "model": "core.produto",
    "pk": 10,
    "fields": {
      "categoria": 1,
      "nome": "labret closter",
      "descricao": "Labret Cluster Cravejado\r\n. Espessura: 1.2mm\r\n. Haste: 8mm\r\n. Tit├ónio natural ou gold\r\nIndica├º├úo de uso: H├®lix, Conch, Flat",
      "preco": "80.00",
      "imagem": "produtos/labret_closter.jpg",
      "ativo": true,
      "criado_em": "2026-03-03T12:46:46.532Z"
    }
  },
  {
    "model": "core.produto",
    "pk": 11,
    "fields": {
      "categoria": 1,
      "nome": "labret sol",
      "descricao": "Labret Indiano com pedra em Zirc├┤nia\r\n. Espessura: 1.2mm\r\n. Haste: 8mm\r\n. Tit├ónio natural ou gold\r\nIndica├ºa├Á de uso: H├®lix, Conch, Flat, \r\nL├│bulo, Labret, Medusa.",
      "preco": "80.00",
      "imagem": "produtos/sol_titanio.jpg",
      "ativo": true,
      "criado_em": "2026-03-03T12:55:13.086Z"
    }
  },
  {
    "model": "core.produto",
    "pk": 12,
    "fields": {
      "categoria": 1,
      "nome": "arg dupla com adorno",
      "descricao": "Segmento triplo com Zirc├┤nia\r\n. Espessura: 1.2mm\r\n. Di├ómetro: 10mm\r\n. Tit├ónio natural\r\nIndica├º├úo de uso: L├│bulo, Conch.",
      "preco": "80.00",
      "imagem": "produtos/arg_dupla_com_brilho_e_adorno_tita.jpg",
      "ativo": true,
      "criado_em": "2026-03-03T13:01:03.825Z"
    }
  },
  {
    "model": "core.produto",
    "pk": 13,
    "fields": {
      "categoria": 1,
      "nome": "arg crav frontal",
      "descricao": "Segmento Cravejado Frontal\r\n. Eespessura: 1.2mm\r\n. Di├ómetro: 8mm ou 10mm\r\n. Tit├ónio ou gold\r\nIndica├º├úo de uso: Daith, Septo.",
      "preco": "80.00",
      "imagem": "produtos/arg_dourada_e_prata_crave_frontal.jpg",
      "ativo": true,
      "criado_em": "2026-03-03T13:06:12.228Z"
    }
  },
  {
    "model": "core.cliente",
    "pk": 1,
    "fields": {
      "nome": "Pipe Langmore",
      "telefone": "011-958624415",
      "email": "pipe@email.com",
      "criado_em": "2026-02-02T19:58:41.574Z"
    }
  }
]
