[
{
  "model": "core.artista",
  "pk": 1,
  "fields": {
    "nome": "Doug Tattoo",
    "ativo": true
  }
},
{
  "model": "core.artista",
  "pk": 2,
  "fields": {
    "nome": "Ester-Piercing",
    "ativo": true
  }
},
{
  "model": "core.artista",
  "pk": 3,
  "fields": {
    "nome": "Piercings",
    "ativo": true
  }
},
{
  "model": "core.estilo",
  "pk": 1,
  "fields": {
    "nome": "Realismo - Preto e Cinza",
    "ativo": true
  }
},
{
  "model": "core.estilo",
  "pk": 2,
  "fields": {
    "nome": "Delicadas",
    "ativo": true
  }
},
{
  "model": "core.estilo",
  "pk": 3,
  "fields": {
    "nome": "Old-School",
    "ativo": true
  }
},
{
  "model": "core.estilo",
  "pk": 4,
  "fields": {
    "nome": "Realismo Colorido",
    "ativo": true
  }
},
{
  "model": "core.estilo",
  "pk": 5,
  "fields": {
    "nome": "Piercing",
    "ativo": true
  }
},
{
  "model": "core.estilo",
  "pk": 6,
  "fields": {
    "nome": "Oriental",
    "ativo": true
  }
},
{
  "model": "core.estilo",
  "pk": 7,
  "fields": {
    "nome": "dark",
    "ativo": true
  }
},
{
  "model": "core.trabalho",
  "pk": 1,
  "fields": {
    "titulo": "Ante bra├ºo",
    "artista": 1,
    "estilo": 1,
    "imagem": "image/upload/https://res.cloudinary.com/dtn0qu0h7/image/upload/v1772674717/q2onkvqlipfmrwr4m6cb.jpg",
    "publicado": true,
    "criado_em": "2026-01-13T18:15:14.912Z",
    "destaque": false
  }
},
{
  "model": "core.trabalho",
  "pk": 2,
  "fields": {
    "titulo": "Tatuagens femininas",
    "artista": 1,
    "estilo": 2,
    "imagem": "image/upload/https://res.cloudinary.com/dtn0qu0h7/image/upload/v1772674718/q3esfmb8kmtuw11nqctl.jpg",
    "publicado": true,
    "criado_em": "2026-01-13T18:42:59.885Z",
    "destaque": false
  }
},
{
  "model": "core.trabalho",
  "pk": 3,
  "fields": {
    "titulo": "Tatuagens femininas",
    "artista": 1,
    "estilo": 2,
    "imagem": "image/upload/https://res.cloudinary.com/dtn0qu0h7/image/upload/v1772674718/xkmhqs4xgjgizg52apk6.jpg",
    "publicado": true,
    "criado_em": "2026-01-13T18:43:33.665Z",
    "destaque": false
  }
},
{
  "model": "core.trabalho",
  "pk": 4,
  "fields": {
    "titulo": "PER",
    "artista": 1,
    "estilo": 3,
    "imagem": "image/upload/https://res.cloudinary.com/dtn0qu0h7/image/upload/v1772674719/b7a3mtr2zw2ncyxozk3h.webp",
    "publicado": true,
    "criado_em": "2026-01-14T20:46:51.970Z",
    "destaque": false
  }
},
{
  "model": "core.trabalho",
  "pk": 5,
  "fields": {
    "titulo": "py",
    "artista": 1,
    "estilo": 4,
    "imagem": "image/upload/https://res.cloudinary.com/dtn0qu0h7/image/upload/v1772674720/ovgokqnmruy3zpa2gswr.webp",
    "publicado": true,
    "criado_em": "2026-01-14T20:48:35.333Z",
    "destaque": false
  }
},
{
  "model": "core.trabalho",
  "pk": 6,
  "fields": {
    "titulo": "r",
    "artista": 1,
    "estilo": 4,
    "imagem": "image/upload/https://res.cloudinary.com/dtn0qu0h7/image/upload/v1772674720/fheynsgw4qioneguvjhb.webp",
    "publicado": true,
    "criado_em": "2026-01-14T20:49:03.224Z",
    "destaque": false
  }
},
{
  "model": "core.trabalho",
  "pk": 10,
  "fields": {
    "titulo": "gf",
    "artista": 1,
    "estilo": 1,
    "imagem": "image/upload/https://res.cloudinary.com/dtn0qu0h7/image/upload/v1772674721/vhqsobfldreouajr0hgb.webp",
    "publicado": true,
    "criado_em": "2026-01-15T20:47:37.572Z",
    "destaque": false
  }
},
{
  "model": "core.trabalho",
  "pk": 11,
  "fields": {
    "titulo": "├ºl",
    "artista": 1,
    "estilo": 4,
    "imagem": "image/upload/https://res.cloudinary.com/dtn0qu0h7/image/upload/v1772674722/ikgembuiv5kxdwi0ze2v.jpg",
    "publicado": true,
    "criado_em": "2026-01-15T20:48:16.927Z",
    "destaque": false
  }
},
{
  "model": "core.trabalho",
  "pk": 12,
  "fields": {
    "titulo": "ff",
    "artista": 1,
    "estilo": 1,
    "imagem": "image/upload/https://res.cloudinary.com/dtn0qu0h7/image/upload/v1772674723/l3yvsvmyisx0f2l5ilel.jpg",
    "publicado": true,
    "criado_em": "2026-01-15T20:48:56.436Z",
    "destaque": false
  }
},
{
  "model": "core.trabalho",
  "pk": 13,
  "fields": {
    "titulo": "lk",
    "artista": 1,
    "estilo": 4,
    "imagem": "image/upload/https://res.cloudinary.com/dtn0qu0h7/image/upload/v1772674723/bi7ky7wbuqpqcwnb2ofj.jpg",
    "publicado": true,
    "criado_em": "2026-01-15T20:49:28.682Z",
    "destaque": false
  }
},
{
  "model": "core.trabalho",
  "pk": 14,
  "fields": {
    "titulo": "ee",
    "artista": 1,
    "estilo": 2,
    "imagem": "image/upload/https://res.cloudinary.com/dtn0qu0h7/image/upload/v1772674724/li7hcjj5runnotrdq6bn.jpg",
    "publicado": true,
    "criado_em": "2026-01-15T20:49:48.047Z",
    "destaque": false
  }
},
{
  "model": "core.trabalho",
  "pk": 15,
  "fields": {
    "titulo": "rr",
    "artista": 1,
    "estilo": 3,
    "imagem": "image/upload/https://res.cloudinary.com/dtn0qu0h7/image/upload/v1772674725/xbuetfq2z3rccscq9j3n.webp",
    "publicado": true,
    "criado_em": "2026-01-15T21:01:18.704Z",
    "destaque": false
  }
},
{
  "model": "core.trabalho",
  "pk": 16,
  "fields": {
    "titulo": "ee",
    "artista": 1,
    "estilo": 3,
    "imagem": "image/upload/https://res.cloudinary.com/dtn0qu0h7/image/upload/v1772674725/pyay43y7hgoudgblznxh.webp",
    "publicado": true,
    "criado_em": "2026-01-15T21:01:43.096Z",
    "destaque": false
  }
},
{
  "model": "core.trabalho",
  "pk": 22,
  "fields": {
    "titulo": "z",
    "artista": 1,
    "estilo": 1,
    "imagem": "image/upload/https://res.cloudinary.com/dtn0qu0h7/image/upload/v1772674726/ccmjyo3rpl9wul8vluff.jpg",
    "publicado": true,
    "criado_em": "2026-01-15T21:20:26.228Z",
    "destaque": false
  }
},
{
  "model": "core.trabalho",
  "pk": 23,
  "fields": {
    "titulo": "i",
    "artista": 1,
    "estilo": 4,
    "imagem": "image/upload/https://res.cloudinary.com/dtn0qu0h7/image/upload/v1772674727/bhnrstd8edfcmr0uouej.jpg",
    "publicado": true,
    "criado_em": "2026-01-15T21:21:19.322Z",
    "destaque": false
  }
},
{
  "model": "core.trabalho",
  "pk": 24,
  "fields": {
    "titulo": "y",
    "artista": 1,
    "estilo": 2,
    "imagem": "image/upload/https://res.cloudinary.com/dtn0qu0h7/image/upload/v1772674727/u1ztxjzpna4xiu0cg2ph.jpg",
    "publicado": true,
    "criado_em": "2026-01-15T21:21:44.232Z",
    "destaque": false
  }
},
{
  "model": "core.trabalho",
  "pk": 25,
  "fields": {
    "titulo": "y",
    "artista": 1,
    "estilo": 2,
    "imagem": "image/upload/https://res.cloudinary.com/dtn0qu0h7/image/upload/v1772674728/usj44npfq4jstivh6oah.jpg",
    "publicado": true,
    "criado_em": "2026-01-15T21:22:03.300Z",
    "destaque": false
  }
},
{
  "model": "core.trabalho",
  "pk": 26,
  "fields": {
    "titulo": "lk",
    "artista": 1,
    "estilo": 1,
    "imagem": "image/upload/https://res.cloudinary.com/dtn0qu0h7/image/upload/v1772674729/t7wdfftze9byp3gesnab.jpg",
    "publicado": true,
    "criado_em": "2026-01-15T21:28:57.280Z",
    "destaque": false
  }
},
{
  "model": "core.trabalho",
  "pk": 27,
  "fields": {
    "titulo": "sd",
    "artista": 1,
    "estilo": 2,
    "imagem": "image/upload/https://res.cloudinary.com/dtn0qu0h7/image/upload/v1772674730/fi3tozzhhfdczzdz2bdi.jpg",
    "publicado": true,
    "criado_em": "2026-01-15T21:29:25.429Z",
    "destaque": false
  }
},
{
  "model": "core.trabalho",
  "pk": 28,
  "fields": {
    "titulo": "w",
    "artista": 1,
    "estilo": 2,
    "imagem": "image/upload/https://res.cloudinary.com/dtn0qu0h7/image/upload/v1772674730/aw8z8a1aek6b3ku02rns.jpg",
    "publicado": true,
    "criado_em": "2026-01-15T21:29:55.719Z",
    "destaque": false
  }
},
{
  "model": "core.trabalho",
  "pk": 29,
  "fields": {
    "titulo": "ds",
    "artista": 1,
    "estilo": 1,
    "imagem": "image/upload/https://res.cloudinary.com/dtn0qu0h7/image/upload/v1772674731/bh5tq0wztknbfhyo5lng.jpg",
    "publicado": true,
    "criado_em": "2026-01-15T21:43:10.500Z",
    "destaque": false
  }
},
{
  "model": "core.trabalho",
  "pk": 30,
  "fields": {
    "titulo": "aranha",
    "artista": 1,
    "estilo": 1,
    "imagem": "image/upload/https://res.cloudinary.com/dtn0qu0h7/image/upload/v1772674731/fn7bgdpghj8bsiezw0pf.jpg",
    "publicado": true,
    "criado_em": "2026-01-15T21:43:38.690Z",
    "destaque": false
  }
},
{
  "model": "core.trabalho",
  "pk": 31,
  "fields": {
    "titulo": "costas phoenix",
    "artista": 1,
    "estilo": 6,
    "imagem": "image/upload/https://res.cloudinary.com/dtn0qu0h7/image/upload/v1772674732/nsqlrrswcfxtjpcwxp6k.jpg",
    "publicado": true,
    "criado_em": "2026-01-15T21:45:12.953Z",
    "destaque": false
  }
},
{
  "model": "core.trabalho",
  "pk": 32,
  "fields": {
    "titulo": "costas dragon",
    "artista": 1,
    "estilo": 6,
    "imagem": "image/upload/https://res.cloudinary.com/dtn0qu0h7/image/upload/v1772674733/ob43gtecpkftacmcszrz.jpg",
    "publicado": true,
    "criado_em": "2026-01-15T21:45:42.048Z",
    "destaque": false
  }
},
{
  "model": "core.trabalho",
  "pk": 33,
  "fields": {
    "titulo": "esfinge",
    "artista": 1,
    "estilo": 1,
    "imagem": "image/upload/https://res.cloudinary.com/dtn0qu0h7/image/upload/v1772674734/vpys3ddmgxtmrpvebfzt.jpg",
    "publicado": true,
    "criado_em": "2026-01-31T20:34:00.084Z",
    "destaque": false
  }
},
{
  "model": "core.trabalho",
  "pk": 34,
  "fields": {
    "titulo": "cats",
    "artista": 1,
    "estilo": 2,
    "imagem": "image/upload/https://res.cloudinary.com/dtn0qu0h7/image/upload/v1772674735/lc7mciv6unwhu82lrffz.jpg",
    "publicado": true,
    "criado_em": "2026-01-31T20:34:49.744Z",
    "destaque": false
  }
},
{
  "model": "core.trabalho",
  "pk": 35,
  "fields": {
    "titulo": "hand",
    "artista": 1,
    "estilo": 7,
    "imagem": "image/upload/https://res.cloudinary.com/dtn0qu0h7/image/upload/v1772674736/qohmnpqr1trrb7eidmam.jpg",
    "publicado": true,
    "criado_em": "2026-01-31T20:35:51.678Z",
    "destaque": false
  }
},
{
  "model": "core.trabalho",
  "pk": 36,
  "fields": {
    "titulo": "arm",
    "artista": 1,
    "estilo": 7,
    "imagem": "image/upload/https://res.cloudinary.com/dtn0qu0h7/image/upload/v1772674737/n6ls4edumkglhlcve0pr.jpg",
    "publicado": true,
    "criado_em": "2026-01-31T20:36:37.484Z",
    "destaque": false
  }
},
{
  "model": "core.trabalho",
  "pk": 38,
  "fields": {
    "titulo": "helix",
    "artista": 2,
    "estilo": 5,
    "imagem": "image/upload/https://res.cloudinary.com/dtn0qu0h7/image/upload/v1772674738/bjt5enzm87cfwwiye9qy.jpg",
    "publicado": true,
    "criado_em": "2026-01-31T20:55:28.668Z",
    "destaque": false
  }
},
{
  "model": "core.trabalho",
  "pk": 39,
  "fields": {
    "titulo": "fbra├ºo",
    "artista": 1,
    "estilo": 1,
    "imagem": "image/upload/https://res.cloudinary.com/dtn0qu0h7/image/upload/v1772674739/b2jag8gozhue0kasrniv.jpg",
    "publicado": true,
    "criado_em": "2026-01-31T20:58:20.157Z",
    "destaque": false
  }
},
{
  "model": "core.trabalho",
  "pk": 40,
  "fields": {
    "titulo": "pinterna",
    "artista": 1,
    "estilo": 1,
    "imagem": "image/upload/https://res.cloudinary.com/dtn0qu0h7/image/upload/v1772674741/pvjfovdw4glb2bzazprk.jpg",
    "publicado": true,
    "criado_em": "2026-01-31T20:58:49.924Z",
    "destaque": false
  }
},
{
  "model": "core.trabalho",
  "pk": 41,
  "fields": {
    "titulo": "conch",
    "artista": 2,
    "estilo": 5,
    "imagem": "image/upload/v1772720799/gvoyjebejtai2z1oevmw.jpg",
    "publicado": true,
    "criado_em": "2026-03-04T16:58:16.144Z",
    "destaque": false
  }
},
{
  "model": "core.trabalho",
  "pk": 42,
  "fields": {
    "titulo": "helix2",
    "artista": 2,
    "estilo": 5,
    "imagem": "image/upload/v1772720779/fmxskp9xqyl5xobvlxif.jpg",
    "publicado": true,
    "criado_em": "2026-03-04T16:59:10.607Z",
    "destaque": false
  }
},
{
  "model": "core.trabalho",
  "pk": 43,
  "fields": {
    "titulo": "nostril",
    "artista": 2,
    "estilo": 5,
    "imagem": "image/upload/v1772720750/badleqckqpghn7wuockg.jpg",
    "publicado": true,
    "criado_em": "2026-03-04T16:59:51.738Z",
    "destaque": false
  }
},
{
  "model": "core.trabalho",
  "pk": 44,
  "fields": {
    "titulo": "sombranc",
    "artista": 2,
    "estilo": 5,
    "imagem": "image/upload/v1772720646/tyffshbxz08xcby4bgpx.jpg",
    "publicado": true,
    "criado_em": "2026-03-04T17:00:28.465Z",
    "destaque": false
  }
},
{
  "model": "core.trabalho",
  "pk": 45,
  "fields": {
    "titulo": "surface",
    "artista": 2,
    "estilo": 5,
    "imagem": "image/upload/v1772720716/gqnpuqbeyuzhbxqhmofb.jpg",
    "publicado": true,
    "criado_em": "2026-03-04T17:01:01.920Z",
    "destaque": false
  }
},
{
  "model": "core.categoria",
  "pk": 1,
  "fields": {
    "nome": "piercings",
    "ativo": true
  }
},
{
  "model": "core.produto",
  "pk": 3,
  "fields": {
    "categoria": 1,
    "nome": "Argola",
    "descricao": "Argola com Zirc├┤noas em Tit├ónio, grau implante.\r\nDelicada, elegante e nada b├ísica.Possui zirc├┤nias laterais que garantem brilho na media certa.Produzida em tit├ónio grau implante,oferce mais seguran├ºa, conforto e durabilidade.Indicada para: H├®lice,Conch,Trag├║s,Anti-h├®lix,Lobulo,Aba nasal e umbigo.\r\n\r\nTamanho: 7mm/10mm\r\nEspessura: 1.2mm",
    "preco": "70.00",
    "imagem": "image/upload/https://res.cloudinary.com/dtn0qu0h7/image/upload/v1772715678/vbr1htaztymujfe0psgh.jpg",
    "ativo": true,
    "criado_em": "2026-02-12T20:12:31.721Z"
  }
},
{
  "model": "core.produto",
  "pk": 4,
  "fields": {
    "categoria": 1,
    "nome": "Labret",
    "descricao": "Labret em tit├ónio grau implante,com pedra em zirc├┤nia.\r\nOnde utilizar: um cl├íssico que n├úo pode faltar,utilizada em perfura├º├Áes auriculares como tragus, conch, scapha, h├®lix, l├│bulo e tamb├®m em perfura├º├Áes bucais e aba nasal.\r\n\r\ntamanho: 6mm/8mm",
    "preco": "60.00",
    "imagem": "image/upload/https://res.cloudinary.com/dtn0qu0h7/image/upload/v1772715679/pdufkn4lm1xdkqoroxmq.jpg",
    "ativo": true,
    "criado_em": "2026-02-12T20:22:35.910Z"
  }
},
{
  "model": "core.produto",
  "pk": 5,
  "fields": {
    "categoria": 1,
    "nome": "Labret dourado",
    "descricao": "Labret em tit├ónio  dourado grau implante,com pedra em zirc├┤nia.\r\nOnde utilizar: um cl├íssico que n├úo pode faltar,utilizada em perfura├º├Áes auriculares como tragus, conch, scapha, h├®lix, l├│bulo e tamb├®m em perfura├º├Áes bucais e aba nasal.\r\n\r\ntamanho: 6mm/8mm",
    "preco": "60.00",
    "imagem": "image/upload/https://res.cloudinary.com/dtn0qu0h7/image/upload/v1772715680/xpjnimtcs7icztejpda3.jpg",
    "ativo": true,
    "criado_em": "2026-02-12T20:23:59.019Z"
  }
},
{
  "model": "core.produto",
  "pk": 6,
  "fields": {
    "categoria": 1,
    "nome": "Labret brilho retangular",
    "descricao": "Labret em tit├ónio  grau implante,com pedra  tipo gota em zirc├┤nia.\r\nOnde utilizar: um cl├íssico que n├úo pode faltar,utilizada em perfura├º├Áes auriculares como tragus, conch, scapha, h├®lix, l├│bulo e tamb├®m em perfura├º├Áes bucais e aba nasal.\r\n\r\ntamanho: 6mm/8mm",
    "preco": "60.00",
    "imagem": "image/upload/https://res.cloudinary.com/dtn0qu0h7/image/upload/v1772715681/coopxviqohkg6zx1ggmd.jpg",
    "ativo": true,
    "criado_em": "2026-02-12T20:27:35.738Z"
  }
},
{
  "model": "core.produto",
  "pk": 7,
  "fields": {
    "categoria": 1,
    "nome": "Labret Estrelas",
    "descricao": "Labret em tit├ónio  dourado e prata grau implante, em formato de estrela.\r\nOnde utilizar: um cl├íssico que n├úo pode faltar,utilizada em perfura├º├Áes auriculares como tragus, conch, scapha, h├®lix, l├│bulo e tamb├®m em perfura├º├Áes bucais e aba nasal.\r\n\r\ntamanho: 6mm/8mm",
    "preco": "60.00",
    "imagem": "image/upload/https://res.cloudinary.com/dtn0qu0h7/image/upload/v1772715682/dn2tc3dzi7aejd2ryf7d.jpg",
    "ativo": true,
    "criado_em": "2026-02-12T20:30:39.018Z"
  }
},
{
  "model": "core.produto",
  "pk": 8,
  "fields": {
    "categoria": 1,
    "nome": "arg dupla com brilhante",
    "descricao": "Segmento duplo cravejado lateral\r\n. Espessura: 1.2mm\r\n. Di├ómetro: 10mm\r\nIndica├º├úo de uso: Lobulo e Conch.",
    "preco": "80.00",
    "imagem": "image/upload/https://res.cloudinary.com/dtn0qu0h7/image/upload/v1772715683/cd4jcwd1oamlwwfu7cwl.jpg",
    "ativo": true,
    "criado_em": "2026-03-03T12:33:14.172Z"
  }
},
{
  "model": "core.produto",
  "pk": 9,
  "fields": {
    "categoria": 1,
    "nome": "arg cruz com pedra",
    "descricao": "Segmento Cruz cravejado\r\n. Espessura: 1.2mm\r\n. Di├ómetro: 10mm\r\n. Tit├ónio natural ou gold\r\nIndica├º├úo de uso: L├│bulo e Conch",
    "preco": "80.00",
    "imagem": "image/upload/https://res.cloudinary.com/dtn0qu0h7/image/upload/v1772715684/q77msm6xeq9ohzbz1m0n.jpg",
    "ativo": true,
    "criado_em": "2026-03-03T12:39:24.248Z"
  }
},
{
  "model": "core.produto",
  "pk": 10,
  "fields": {
    "categoria": 1,
    "nome": "labret closter",
    "descricao": "Labret Cluster Cravejado\r\n. Espessura: 1.2mm\r\n. Haste: 8mm\r\n. Tit├ónio natural ou gold\r\nIndica├º├úo de uso: H├®lix, Conch, Flat",
    "preco": "80.00",
    "imagem": "image/upload/https://res.cloudinary.com/dtn0qu0h7/image/upload/v1772715685/e9ajiv8gh0kkz9uvxb4c.jpg",
    "ativo": true,
    "criado_em": "2026-03-03T12:46:46.532Z"
  }
},
{
  "model": "core.produto",
  "pk": 11,
  "fields": {
    "categoria": 1,
    "nome": "labret sol",
    "descricao": "Labret Indiano com pedra em Zirc├┤nia\r\n. Espessura: 1.2mm\r\n. Haste: 8mm\r\n. Tit├ónio natural ou gold\r\nIndica├ºa├Á de uso: H├®lix, Conch, Flat, \r\nL├│bulo, Labret, Medusa.",
    "preco": "80.00",
    "imagem": "image/upload/https://res.cloudinary.com/dtn0qu0h7/image/upload/v1772715686/qnn0wsgqwzrt4iovmzwb.jpg",
    "ativo": true,
    "criado_em": "2026-03-03T12:55:13.086Z"
  }
},
{
  "model": "core.produto",
  "pk": 12,
  "fields": {
    "categoria": 1,
    "nome": "arg dupla com adorno",
    "descricao": "Segmento triplo com Zirc├┤nia\r\n. Espessura: 1.2mm\r\n. Di├ómetro: 10mm\r\n. Tit├ónio natural\r\nIndica├º├úo de uso: L├│bulo, Conch.",
    "preco": "80.00",
    "imagem": "image/upload/https://res.cloudinary.com/dtn0qu0h7/image/upload/v1772715687/u02ejfppgu2lb4elgkqf.jpg",
    "ativo": true,
    "criado_em": "2026-03-03T13:01:03.825Z"
  }
},
{
  "model": "core.produto",
  "pk": 13,
  "fields": {
    "categoria": 1,
    "nome": "arg crav frontal",
    "descricao": "Segmento Cravejado Frontal\r\n. Eespessura: 1.2mm\r\n. Di├ómetro: 8mm ou 10mm\r\n. Tit├ónio ou gold\r\nIndica├º├úo de uso: Daith, Septo.",
    "preco": "80.00",
    "imagem": "image/upload/https://res.cloudinary.com/dtn0qu0h7/image/upload/v1772715688/ujgjfcap8pvzlrhohbqh.jpg",
    "ativo": true,
    "criado_em": "2026-03-03T13:06:12.228Z"
  }
},
{
  "model": "core.cliente",
  "pk": 1,
  "fields": {
    "nome": "Pipe Langmore",
    "telefone": "011-958624415",
    "email": "pipe@email.com",
    "criado_em": "2026-02-02T19:58:41.574Z"
  }
}
]
